{"model": "m_bert", "n_examples": 2560, "model_id": "google-bert/bert-base-cased", "dataset": "hcoxec/french_german_mix", "variation/overall": 0.7875266075134277, "residual/overall": 0.2583067715167999, "disentanglement/overall": 0, "regularity/overall": 0, "variation/language": 0.7550926804542542, "regularity/language": 0.03243396058678627, "disentanglement/language": 0.18677595257759094, "residual/language": 0.04118458926677704, "variation/token": 0.39238977432250977, "regularity/token": 0.39513683319091797, "disentanglement/token": 0.44704195857048035, "residual/token": 0.46055951714515686, "variation/bigram": 0.23594477772712708, "regularity/bigram": 0.551581859588623, "disentanglement/bigram": 0.21978208422660828, "residual/bigram": 0.19865362346172333, "variation/trigram": 0.20342345535755157, "regularity/trigram": 0.5841031670570374, "disentanglement/trigram": 0.2285057008266449, "residual/trigram": 0.041295502334833145}
